GROUP,PACKAGE,CLASS,INSTRUCTION_MISSED,INSTRUCTION_COVERED,BRANCH_MISSED,BRANCH_COVERED,LINE_MISSED,LINE_COVERED,COMPLEXITY_MISSED,COMPLEXITY_COVERED,METHOD_MISSED,METHOD_COVERED
Commons Lang,org.apache.commons.lang3.text.translate,UnicodeUnescaper,14,105,3,13,2,15,3,7,0,2
Commons Lang,org.apache.commons.lang3.text.translate,OctalUnescaper,0,70,2,10,0,13,2,7,0,3
Commons Lang,org.apache.commons.lang3.text.translate,AggregateTranslator,0,37,0,4,0,8,0,4,0,2
Commons Lang,org.apache.commons.lang3.text.translate,CharSequenceTranslator,0,111,0,12,0,30,0,11,0,5
Commons Lang,org.apache.commons.lang3.text.translate,JavaUnicodeEscaper,50,0,0,0,8,0,6,0,6,0
Commons Lang,org.apache.commons.lang3.text.translate,LookupTranslator,9,100,6,8,2,23,6,3,0,2
Commons Lang,org.apache.commons.lang3.text.translate,CodePointTranslator,0,18,0,2,0,6,0,3,0,2
Commons Lang,org.apache.commons.lang3.text.translate,NumericEntityEscaper,0,76,0,10,0,20,0,12,0,7
Commons Lang,org.apache.commons.lang3.text.translate,UnicodeEscaper,57,83,4,14,7,20,6,11,2,6
Commons Lang,org.apache.commons.lang3.text.translate,EntityArrays,32,3418,0,2,8,18,8,6,8,5
Commons Lang,org.apache.commons.lang3.text.translate,NumericEntityUnescaper,15,190,10,38,2,39,8,19,0,3
Commons Lang,org.apache.commons.lang3.text.translate,NumericEntityUnescaper.OPTION,0,21,0,0,0,1,0,1,0,1
Commons Lang,org.apache.commons.lang3,LocaleUtils,500,0,72,0,93,0,46,0,10,0
Commons Lang,org.apache.commons.lang3,EnumUtils,366,0,26,0,68,0,26,0,13,0
Commons Lang,org.apache.commons.lang3,CharSet,301,0,34,0,60,0,26,0,9,0
Commons Lang,org.apache.commons.lang3,SerializationUtils.ClassLoaderAwareObjectInputStream,85,0,2,0,22,0,4,0,3,0
Commons Lang,org.apache.commons.lang3,StringEscapeUtils.CsvEscaper,66,0,4,0,11,0,5,0,3,0
Commons Lang,org.apache.commons.lang3,RandomStringUtils,282,0,56,0,58,0,41,0,13,0
Commons Lang,org.apache.commons.lang3,Range,438,0,78,0,91,0,63,0,24,0
Commons Lang,org.apache.commons.lang3,Conversion,3086,0,456,0,521,0,302,0,44,0
Commons Lang,org.apache.commons.lang3,AnnotationUtils.new ToStringStyle() {...},83,0,8,0,25,0,7,0,3,0
Commons Lang,org.apache.commons.lang3,BitField,150,0,14,0,27,0,25,0,18,0
Commons Lang,org.apache.commons.lang3,CharUtils,302,0,74,0,58,0,61,0,24,0
Commons Lang,org.apache.commons.lang3,CharRange,241,0,50,0,44,0,39,0,14,0
Commons Lang,org.apache.commons.lang3,AnnotationUtils,503,0,92,0,114,0,57,0,11,0
Commons Lang,org.apache.commons.lang3,LocaleUtils.SyncAvoid,19,0,0,0,5,0,2,0,2,0
Commons Lang,org.apache.commons.lang3,CharRange.CharacterIterator,130,0,18,0,30,0,14,0,5,0
Commons Lang,org.apache.commons.lang3,ClassUtils,1181,0,230,0,299,0,156,0,41,0
Commons Lang,org.apache.commons.lang3,JavaVersion,158,0,20,0,36,0,16,0,6,0
Commons Lang,org.apache.commons.lang3,BooleanUtils,799,0,256,0,190,0,170,0,40,0
Commons Lang,org.apache.commons.lang3,Validate,591,0,86,0,116,0,82,0,39,0
Commons Lang,org.apache.commons.lang3,ArrayUtils,5090,64,1063,1,1223,21,754,2,222,2
Commons Lang,org.apache.commons.lang3,ObjectUtils,619,0,88,0,146,0,79,0,35,0
Commons Lang,org.apache.commons.lang3,CharEncoding,13,0,2,0,6,0,3,0,2,0
Commons Lang,org.apache.commons.lang3,Range.ComparableComparator,14,0,0,0,3,0,2,0,2,0
Commons Lang,org.apache.commons.lang3,StringEscapeUtils.CsvUnescaper,87,0,8,0,13,0,7,0,3,0
Commons Lang,org.apache.commons.lang3,SerializationException,16,0,0,0,8,0,4,0,4,0
Commons Lang,org.apache.commons.lang3,CharSequenceUtils,184,0,38,0,49,0,27,0,8,0
Commons Lang,org.apache.commons.lang3,ObjectUtils.Null,5,0,0,0,3,0,2,0,2,0
Commons Lang,org.apache.commons.lang3,StringEscapeUtils,511,0,0,0,53,0,16,0,16,0
Commons Lang,org.apache.commons.lang3,CharSetUtils,226,0,48,0,53,0,32,0,8,0
Commons Lang,org.apache.commons.lang3,SystemUtils,376,0,40,0,101,0,35,0,15,0
Commons Lang,org.apache.commons.lang3,StringUtils,5485,0,1241,0,1369,0,808,0,187,0
Commons Lang,org.apache.commons.lang3,SerializationUtils,158,0,14,0,53,0,13,0,6,0
Commons Lang,org.apache.commons.lang3.reflect,TypeUtils,1401,0,282,0,299,0,169,0,28,0
Commons Lang,org.apache.commons.lang3.reflect,MemberUtils,219,0,44,0,45,0,31,0,9,0
Commons Lang,org.apache.commons.lang3.reflect,FieldUtils,625,0,72,0,143,0,67,0,31,0
Commons Lang,org.apache.commons.lang3.reflect,ConstructorUtils,167,0,30,0,50,0,23,0,8,0
Commons Lang,org.apache.commons.lang3.reflect,MethodUtils,387,0,66,0,107,0,47,0,14,0
Commons Lang,org.apache.commons.lang3.event,EventUtils,109,0,0,0,17,0,3,0,3,0
Commons Lang,org.apache.commons.lang3.event,EventListenerSupport.ProxyInvocationHandler,25,0,2,0,5,0,3,0,2,0
Commons Lang,org.apache.commons.lang3.event,EventListenerSupport,184,0,2,0,46,0,15,0,14,0
Commons Lang,org.apache.commons.lang3.event,EventUtils.EventBindingInvocationHandler,60,0,8,0,11,0,7,0,3,0
Commons Lang,org.apache.commons.lang3.math,IEEE754rUtils,223,0,40,0,57,0,33,0,13,0
Commons Lang,org.apache.commons.lang3.math,NumberUtils,1488,0,338,0,375,0,219,0,49,0
Commons Lang,org.apache.commons.lang3.math,Fraction,1306,0,196,0,281,0,133,0,35,0
Commons Lang,org.apache.commons.lang3.concurrent,ConstantInitializer,57,0,6,0,14,0,9,0,6,0
Commons Lang,org.apache.commons.lang3.concurrent,BackgroundInitializer.InitializationTask,21,0,2,0,6,0,3,0,2,0
Commons Lang,org.apache.commons.lang3.concurrent,BasicThreadFactory.Builder,77,0,6,0,26,0,11,0,8,0
Commons Lang,org.apache.commons.lang3.concurrent,TimedSemaphore,203,0,24,0,55,0,28,0,16,0
Commons Lang,org.apache.commons.lang3.concurrent,ConcurrentUtils.ConstantFuture,18,0,0,0,8,0,6,0,6,0
Commons Lang,org.apache.commons.lang3.concurrent,MultiBackgroundInitializer.MultiBackgroundInitializerResults,75,0,2,0,18,0,9,0,8,0
Commons Lang,org.apache.commons.lang3.concurrent,CallableBackgroundInitializer,31,0,2,0,12,0,5,0,4,0
Commons Lang,org.apache.commons.lang3.concurrent,TimedSemaphore.new Runnable() {...},10,0,0,0,3,0,2,0,2,0
Commons Lang,org.apache.commons.lang3.concurrent,BackgroundInitializer,106,0,10,0,33,0,17,0,12,0
Commons Lang,org.apache.commons.lang3.concurrent,LazyInitializer,28,0,4,0,9,0,4,0,2,0
Commons Lang,org.apache.commons.lang3.concurrent,AtomicInitializer,29,0,4,0,8,0,4,0,2,0
Commons Lang,org.apache.commons.lang3.concurrent,ConcurrentException,14,0,0,0,6,0,3,0,3,0
Commons Lang,org.apache.commons.lang3.concurrent,MultiBackgroundInitializer,159,0,14,0,38,0,12,0,5,0
Commons Lang,org.apache.commons.lang3.concurrent,ConcurrentRuntimeException,14,0,0,0,6,0,3,0,3,0
Commons Lang,org.apache.commons.lang3.concurrent,ConcurrentUtils,158,0,34,0,42,0,29,0,12,0
Commons Lang,org.apache.commons.lang3.concurrent,AtomicSafeInitializer,33,0,4,0,7,0,4,0,2,0
Commons Lang,org.apache.commons.lang3.concurrent,BasicThreadFactory,107,0,10,0,29,0,14,0,9,0
Commons Lang,org.apache.commons.lang3.tuple,ImmutablePair,25,0,0,0,8,0,5,0,5,0
Commons Lang,org.apache.commons.lang3.tuple,Pair,109,0,12,0,17,0,15,0,9,0
Commons Lang,org.apache.commons.lang3.tuple,MutableTriple,43,0,0,0,17,0,9,0,9,0
Commons Lang,org.apache.commons.lang3.tuple,MutablePair,40,0,0,0,16,0,8,0,8,0
Commons Lang,org.apache.commons.lang3.tuple,ImmutableTriple,28,0,0,0,9,0,5,0,5,0
Commons Lang,org.apache.commons.lang3.tuple,Triple,134,0,16,0,19,0,15,0,7,0
Commons Lang,org.apache.commons.lang3.exception,ExceptionUtils,613,0,86,0,143,0,69,0,26,0
Commons Lang,org.apache.commons.lang3.exception,ContextedRuntimeException,97,0,2,0,28,0,15,0,14,0
Commons Lang,org.apache.commons.lang3.exception,ContextedException,97,0,2,0,28,0,15,0,14,0
Commons Lang,org.apache.commons.lang3.exception,DefaultExceptionContext,228,0,24,0,54,0,20,0,8,0
Commons Lang,org.apache.commons.lang3.exception,CloneFailedException,13,0,0,0,6,0,3,0,3,0
Commons Lang,org.apache.commons.lang3.mutable,MutableShort,147,0,8,0,41,0,27,0,23,0
Commons Lang,org.apache.commons.lang3.mutable,MutableFloat,138,0,4,0,41,0,26,0,24,0
Commons Lang,org.apache.commons.lang3.mutable,MutableDouble,146,0,4,0,42,0,26,0,24,0
Commons Lang,org.apache.commons.lang3.mutable,MutableByte,147,0,8,0,41,0,27,0,23,0
Commons Lang,org.apache.commons.lang3.mutable,MutableBoolean,95,0,14,0,24,0,21,0,14,0
Commons Lang,org.apache.commons.lang3.mutable,MutableLong,147,0,8,0,40,0,26,0,22,0
Commons Lang,org.apache.commons.lang3.mutable,MutableObject,59,0,10,0,18,0,12,0,7,0
Commons Lang,org.apache.commons.lang3.mutable,MutableInt,138,0,8,0,40,0,26,0,22,0
Commons Lang,org.apache.commons.lang3.builder,ToStringStyle.NoFieldNameToStringStyle,8,0,0,0,4,0,2,0,2,0
Commons Lang,org.apache.commons.lang3.builder,ToStringStyle.SimpleToStringStyle,20,0,0,0,8,0,2,0,2,0
Commons Lang,org.apache.commons.lang3.builder,ReflectionToStringBuilder,364,0,40,0,84,0,46,0,26,0
Commons Lang,org.apache.commons.lang3.builder,HashCodeBuilder,783,0,98,0,154,0,85,0,36,0
Commons Lang,org.apache.commons.lang3.builder,CompareToBuilder,1039,0,240,0,256,0,150,0,30,0
Commons Lang,org.apache.commons.lang3.builder,ToStringStyle,1723,0,218,0,482,0,222,0,113,0
Commons Lang,org.apache.commons.lang3.builder,StandardToStringStyle,143,0,0,0,62,0,41,0,41,0
Commons Lang,org.apache.commons.lang3.builder,ToStringStyle.ShortPrefixToStringStyle,11,0,0,0,5,0,2,0,2,0
Commons Lang,org.apache.commons.lang3.builder,ToStringBuilder,589,0,12,0,132,0,70,0,64,0
Commons Lang,org.apache.commons.lang3.builder,EqualsBuilder,1018,0,232,0,262,0,151,0,35,0
Commons Lang,org.apache.commons.lang3.builder,ToStringStyle.MultiLineToStringStyle,31,0,0,0,7,0,2,0,2,0
Commons Lang,org.apache.commons.lang3.builder,ToStringStyle.DefaultToStringStyle,5,0,0,0,3,0,2,0,2,0
Commons Lang,org.apache.commons.lang3.builder,IDKey,37,0,6,0,11,0,6,0,3,0
Commons Lang,org.apache.commons.lang3.text,StrMatcher.CharSetMatcher,22,0,2,0,5,0,3,0,2,0
Commons Lang,org.apache.commons.lang3.text,StrBuilder.StrBuilderReader,148,0,24,0,30,0,21,0,9,0
Commons Lang,org.apache.commons.lang3.text,StrLookup.MapStrLookup,23,0,4,0,9,0,4,0,2,0
Commons Lang,org.apache.commons.lang3.text,StrSubstitutor,866,0,90,0,223,0,92,0,47,0
Commons Lang,org.apache.commons.lang3.text,FormattableUtils,125,0,16,0,17,0,14,0,6,0
Commons Lang,org.apache.commons.lang3.text,StrMatcher.TrimMatcher,12,0,2,0,3,0,3,0,2,0
Commons Lang,org.apache.commons.lang3.text,StrMatcher.CharMatcher,16,0,2,0,4,0,3,0,2,0
Commons Lang,org.apache.commons.lang3.text,StrBuilder.StrBuilderWriter,43,0,0,0,15,0,8,0,8,0
Commons Lang,org.apache.commons.lang3.text,ExtendedMessageFormat,782,0,111,0,186,0,79,0,21,0
Commons Lang,org.apache.commons.lang3.text,StrMatcher.NoMatcher,5,0,0,0,3,0,2,0,2,0
Commons Lang,org.apache.commons.lang3.text,WordUtils,435,0,76,0,111,0,51,0,13,0
Commons Lang,org.apache.commons.lang3.text,StrMatcher,135,0,12,0,35,0,22,0,16,0
Commons Lang,org.apache.commons.lang3.text,StrTokenizer,972,0,92,0,249,0,111,0,65,0
Commons Lang,org.apache.commons.lang3.text,StrMatcher.StringMatcher,40,0,6,0,10,0,5,0,2,0
Commons Lang,org.apache.commons.lang3.text,StrBuilder,3229,0,486,0,692,0,388,0,145,0
Commons Lang,org.apache.commons.lang3.text,StrLookup,35,0,0,0,15,0,5,0,5,0
Commons Lang,org.apache.commons.lang3.text,CompositeFormat,34,0,0,0,9,0,6,0,6,0
Commons Lang,org.apache.commons.lang3.text,StrBuilder.StrBuilderTokenizer,35,0,4,0,10,0,5,0,3,0
Commons Lang,org.apache.commons.lang3.time,FastDatePrinter.CharacterLiteral,14,0,0,0,6,0,3,0,3,0
Commons Lang,org.apache.commons.lang3.time,DateFormatUtils,155,0,0,0,39,0,18,0,18,0
Commons Lang,org.apache.commons.lang3.time,DurationFormatUtils,884,0,133,0,228,0,82,0,12,0
Commons Lang,org.apache.commons.lang3.time,FastDatePrinter.TimeZoneNumberRule,97,0,4,0,20,0,6,0,4,0
Commons Lang,org.apache.commons.lang3.time,FormatCache,200,0,20,0,41,0,19,0,9,0
Commons Lang,org.apache.commons.lang3.time,FastDatePrinter.TwentyFourHourField,34,0,2,0,11,0,5,0,4,0
Commons Lang,org.apache.commons.lang3.time,FastDatePrinter.TwoDigitYearField,38,0,0,0,9,0,5,0,5,0
Commons Lang,org.apache.commons.lang3.time,FastDatePrinter.TextField,43,0,4,0,13,0,5,0,3,0
Commons Lang,org.apache.commons.lang3.time,FastDateParser.new FastDateParser.NumberStrategy() {...},19,0,2,0,6,0,3,0,2,0
Commons Lang,org.apache.commons.lang3.time,FastDatePrinter.TwoDigitNumberField,44,0,2,0,11,0,5,0,4,0
Commons Lang,org.apache.commons.lang3.time,FastDateParser.new FastDateParser.NumberStrategy() {...},8,0,0,0,2,0,2,0,2,0
Commons Lang,org.apache.commons.lang3.time,FastDatePrinter.TimeZoneDisplayKey,67,0,12,0,16,0,9,0,3,0
Commons Lang,org.apache.commons.lang3.time,FastDateParser.new FastDateParser.NumberStrategy() {...},8,0,0,0,2,0,2,0,2,0
Commons Lang,org.apache.commons.lang3.time,FastDateParser.new FastDateParser.NumberStrategy() {...},8,0,0,0,2,0,2,0,2,0
Commons Lang,org.apache.commons.lang3.time,FastDatePrinter,742,0,102,0,170,0,86,0,25,0
Commons Lang,org.apache.commons.lang3.time,DurationFormatUtils.Token,117,0,16,0,31,0,17,0,9,0
Commons Lang,org.apache.commons.lang3.time,FastDateParser,708,0,79,0,150,0,72,0,23,0
Commons Lang,org.apache.commons.lang3.time,DateUtils,1461,0,218,0,310,0,176,0,60,0
Commons Lang,org.apache.commons.lang3.time,FastDatePrinter.UnpaddedNumberField,55,0,4,0,13,0,6,0,4,0
Commons Lang,org.apache.commons.lang3.time,DateUtils.DateIterator,44,0,2,0,11,0,5,0,4,0
Commons Lang,org.apache.commons.lang3.time,FastDateParser.CopyQuotedStrategy,31,0,2,0,9,0,4,0,3,0
Commons Lang,org.apache.commons.lang3.time,FastDateParser.Strategy,3,0,0,0,2,0,2,0,2,0
Commons Lang,org.apache.commons.lang3.time,FastDateParser.NumberStrategy,39,0,2,0,11,0,6,0,5,0
Commons Lang,org.apache.commons.lang3.time,FormatCache.MultipartKey,50,0,6,0,11,0,6,0,3,0
Commons Lang,org.apache.commons.lang3.time,FastDatePrinter.TwoDigitMonthField,38,0,0,0,9,0,5,0,5,0
Commons Lang,org.apache.commons.lang3.time,FastDateFormat.new FormatCache() {...},10,0,0,0,2,0,2,0,2,0
Commons Lang,org.apache.commons.lang3.time,StopWatch,211,0,30,0,57,0,30,0,15,0
Commons Lang,org.apache.commons.lang3.time,FastDatePrinter.PaddedNumberField,98,0,12,0,22,0,10,0,4,0
Commons Lang,org.apache.commons.lang3.time,FastDateParser.TextStrategy,102,0,6,0,21,0,6,0,3,0
Commons Lang,org.apache.commons.lang3.time,FastDatePrinter.StringLiteral,16,0,0,0,6,0,3,0,3,0
Commons Lang,org.apache.commons.lang3.time,FastDatePrinter.TwelveHourField,34,0,2,0,11,0,5,0,4,0
Commons Lang,org.apache.commons.lang3.time,FastDateFormat,265,0,2,0,43,0,38,0,37,0
Commons Lang,org.apache.commons.lang3.time,FastDateParser.TimeZoneStrategy,176,0,16,0,30,0,11,0,3,0
Commons Lang,org.apache.commons.lang3.time,FastDatePrinter.UnpaddedMonthField,49,0,2,0,11,0,6,0,5,0
Commons Lang,org.apache.commons.lang3.time,FastDatePrinter.TimeZoneNameRule,63,0,4,0,13,0,5,0,3,0
